{
  "type": "minecraft:crafting_shapeless",
  "result": {
    "item": "minecraft:rotten_flesh",
    "count": 1
  },
  "ingredients": [
    [
      {
        "item": "minecraft:porkchop"
      },
      {
        "item": "minecraft:chicken"
      },
      {
        "item": "minecraft:beef"
      },
      {
        "item": "minecraft:rabbit"
      },
      {
        "item": "minecraft:mutton"
      },
      {
        "item": "minecraft:cod"
      },
      {
        "item": "minecraft:salmon"
      },
      {
        "item": "minecraft:tropical_fish"
      },
      {
        "item": "minecraft:pufferfish"
      }
    ],
    [
      {
        "tag": "forge:sugar"
      }
    ]
  ]
}