{
  "schemaVersion": 1,
  "id": "better",
  "version": "1.0.0",

  "name": "Better Rotten Flesh",
  "authors": [
    "YelingJing"
  ],
  "contact": {
    "homepage": "https://github.com/YelingJing/Minecraft",
    "sources": "https://curseforge.com/minecraft/mc-mods/better-rotten-flesh"
  },

  "icon": "pack.png",
  "description": "The Rotten Flesh is burned in a furnace to make a fabric mod for leather.",

  "environment": "client",
  "depends": {
    "fabricloader": ">=0.11.4",
    "minecraft": "1.16.x"
  }
}
